Team,G,MP,FG,FGA,FG%,3P,3PA,3P%,2P,2PA,2P%,FT,FTA,FT%,ORB,DRB,TRB,AST,STL,BLK,TOV,PF,PTS
San Antonio Spurs,66,15940,42.3,88.5,0.478,8.9,22.8,0.393,33.4,65.8,0.507,17.3,23.1,0.748,11.1,34.9,46.0,24.8,7.9,4.7,14.5,18.5,110.9
Oklahoma City Thunder,66,15990,39.7,84.4,0.471,7.6,21.3,0.358,32.1,63.1,0.509,22.7,28.1,0.806,11.7,34.8,46.5,19.8,8.0,8.7,17.4,21.8,109.8
Denver Nuggets,66,16040,40.9,85.9,0.476,6.9,20.8,0.332,33.9,65.0,0.522,20.5,28.0,0.735,11.7,33.4,45.2,25.1,8.6,5.2,16.1,20.6,109.2
Los Angeles Clippers,66,15965,41.1,90.5,0.455,8.7,24.3,0.357,32.5,66.2,0.49,17.6,25.9,0.68,13.5,32.8,46.2,23.3,9.4,5.3,14.8,23.6,108.5
Chicago Bulls,66,15940,41.7,92.3,0.452,7.1,18.9,0.375,34.6,73.4,0.471,17.0,23.5,0.722,15.5,36.6,52.0,25.8,7.7,6.6,15.6,19.2,107.4
Utah Jazz,66,16165,41.0,89.8,0.456,4.4,13.7,0.323,36.5,76.1,0.48,20.4,27.1,0.754,14.0,33.4,47.4,23.4,8.8,6.3,15.2,23.4,106.8
Indiana Pacers,66,15990,38.9,88.9,0.438,6.5,17.6,0.368,32.5,71.3,0.455,22.3,28.5,0.782,13.7,34.2,47.9,20.3,8.7,5.9,15.3,23.7,106.7
Miami Heat,66,16040,40.1,85.5,0.469,6.1,16.9,0.359,34.1,68.6,0.496,20.3,26.2,0.775,11.3,33.8,45.0,21.6,9.6,5.8,16.4,21.0,106.6
Phoenix Suns,66,15840,40.8,89.1,0.458,7.3,21.2,0.343,33.6,67.9,0.494,17.3,22.9,0.757,11.7,33.3,45.0,24.3,7.1,6.0,15.2,20.2,106.2
Los Angeles Lakers,66,16065,40.1,87.8,0.457,6.0,18.3,0.326,34.1,69.4,0.491,19.8,26.2,0.756,13.2,37.1,50.3,24.5,6.4,5.8,16.5,18.3,106.0
Portland Trail Blazers,66,15965,39.6,89.3,0.443,7.9,22.8,0.346,31.7,66.5,0.477,18.7,23.5,0.796,12.1,32.1,44.2,22.2,8.7,5.3,15.4,20.6,105.7
Houston Rockets,66,16065,40.6,90.3,0.449,7.8,21.7,0.359,32.8,68.6,0.477,16.6,21.2,0.782,12.5,32.8,45.3,22.9,8.1,5.2,15.6,21.9,105.5
Milwaukee Bucks,66,15865,40.4,91.2,0.443,7.0,20.4,0.345,33.3,70.8,0.471,17.7,22.8,0.774,13.2,32.0,45.2,25.0,8.8,5.4,15.0,20.5,105.5
Golden State Warriors,66,15915,40.6,88.9,0.457,8.6,22.1,0.388,32.1,66.8,0.48,15.5,20.2,0.77,10.5,31.8,42.2,24.0,8.6,5.9,14.9,23.0,105.4
Orlando Magic,66,15965,38.4,87.2,0.441,11.3,30.1,0.375,27.1,57.0,0.475,16.8,25.5,0.66,12.5,34.8,47.3,22.3,7.6,4.6,16.6,19.7,105.0
Atlanta Hawks,66,16165,40.0,88.0,0.454,8.1,21.9,0.37,31.9,66.1,0.482,16.9,22.8,0.74,10.7,34.0,44.7,24.4,8.8,5.0,15.2,19.4,104.9
New York Knicks,66,15940,38.2,86.2,0.443,8.4,24.9,0.336,29.9,61.4,0.487,19.6,26.4,0.741,12.0,32.5,44.5,21.5,10.1,4.5,17.1,22.5,104.4
Minnesota Timberwolves,66,15940,38.0,87.7,0.433,7.6,23.0,0.332,30.4,64.7,0.469,20.7,26.8,0.771,12.9,33.7,46.6,20.8,7.0,4.7,16.2,19.6,104.3
Memphis Grizzlies,66,15940,40.2,89.9,0.447,4.6,14.1,0.326,35.6,75.8,0.47,18.9,24.9,0.759,13.8,32.2,46.0,21.4,10.5,5.7,15.8,21.8,104.0
Philadelphia 76ers,66,15915,41.6,92.8,0.448,5.9,16.2,0.362,35.7,76.6,0.466,14.9,20.1,0.742,11.8,36.1,47.9,24.4,8.8,5.7,12.4,19.5,103.9
Sacramento Kings,66,15915,39.7,91.0,0.436,6.5,20.7,0.316,33.1,70.3,0.471,18.0,24.4,0.736,14.0,31.0,45.1,20.2,8.9,5.1,15.2,20.5,103.8
Dallas Mavericks,66,16065,39.2,88.4,0.443,8.1,23.9,0.339,31.1,64.5,0.482,16.8,21.8,0.771,10.9,35.2,46.1,22.5,9.2,5.5,15.1,20.0,103.3
New Jersey Nets,66,15890,37.9,89.1,0.425,8.5,24.8,0.342,29.4,64.3,0.457,18.6,24.0,0.777,13.1,31.5,44.6,22.0,8.3,4.4,16.7,21.2,102.9
Cleveland Cavaliers,66,15965,37.2,88.2,0.422,7.2,21.0,0.346,30.0,67.3,0.446,19.4,27.1,0.716,13.8,32.1,45.9,21.5,7.7,4.3,16.7,21.7,101.1
Washington Wizards,66,15865,39.5,89.5,0.441,5.6,17.6,0.32,33.8,71.9,0.47,16.5,22.7,0.727,12.7,32.3,45.0,20.6,8.6,6.8,16.5,23.0,101.0
Detroit Pistons,66,15965,38.6,88.1,0.438,5.3,15.4,0.346,33.3,72.7,0.457,18.5,24.6,0.752,13.1,31.7,44.8,20.8,7.7,4.7,17.4,21.8,101.0
Boston Celtics,66,15940,39.0,84.7,0.46,6.0,16.5,0.367,33.0,68.3,0.483,16.9,21.8,0.778,8.5,34.2,42.7,25.9,8.3,6.0,16.3,21.9,101.0
New Orleans Hornets,66,15940,39.2,87.0,0.451,4.4,13.2,0.333,34.8,73.8,0.472,18.0,23.8,0.757,12.3,33.9,46.3,23.3,8.3,5.4,17.5,22.6,100.9
Toronto Raptors,66,15965,38.2,86.8,0.44,6.1,18.1,0.34,32.0,68.7,0.467,18.3,23.7,0.77,11.7,34.9,46.7,23.3,7.2,5.4,16.9,25.8,100.8
Charlotte Bobcats,66,15890,36.4,87.8,0.414,4.4,14.8,0.295,32.0,73.0,0.439,18.1,24.2,0.746,11.2,31.4,42.6,22.0,6.6,6.0,15.9,20.7,95.2
