Team,Age,W,L,PW,PL,MOV,SOS,SRS,ORtg,DRtg,NRtg,Pace,FTr,3PAr,TS%,Off_eFG%,Off_TOV%,ORB%,Off_FT/FGA,Def_eFG%,Def_TOV%,DRB%,Def_FT/FGA,G,MP,FG,FGA,FG%,3P,3PA,3P%,2P,2PA,2P%,FT,FTA,FT%,ORB,DRB,TRB,AST,STL,BLK,TOV,PF,PTS,Year
Chicago Bulls,27.1,50.0,16.0,51,15,8.18,-0.76,7.43,107.4,98.3,9.1,89.1,0.255,0.205,0.523,0.49,13.2,32.6,0.184,0.45,12.8,74.3,0.175,66,15940,41.7,92.3,0.452,7.1,18.9,0.375,34.6,73.4,0.471,17.0,23.5,0.722,15.5,36.6,52.0,25.8,7.7,6.6,15.6,19.2,107.4,2012
San Antonio Spurs,27.5,50.0,16.0,48,18,7.17,0.11,7.28,110.9,103.2,7.7,92.9,0.261,0.257,0.562,0.528,12.8,25.1,0.195,0.489,12.9,76.0,0.168,66,15940,42.3,88.5,0.478,8.9,22.8,0.393,33.4,65.8,0.507,17.3,23.1,0.748,11.1,34.9,46.0,24.8,7.9,4.7,14.5,18.5,110.9,2012
Oklahoma City Thunder,25.1,47.0,19.0,46,20,6.12,0.32,6.44,109.8,103.2,6.6,93.0,0.334,0.252,0.567,0.516,15.3,27.8,0.269,0.465,13.0,72.1,0.207,66,15990,39.7,84.4,0.471,7.6,21.3,0.358,32.1,63.1,0.509,22.7,28.1,0.806,11.7,34.8,46.5,19.8,8.0,8.7,17.4,21.8,109.8,2012
Miami Heat,28.3,46.0,20.0,47,19,5.98,-0.27,5.72,106.6,100.2,6.4,91.2,0.307,0.198,0.549,0.505,14.5,26.6,0.238,0.479,15.8,73.9,0.2,66,16040,40.1,85.5,0.469,6.1,16.9,0.359,34.1,68.6,0.496,20.3,26.2,0.775,11.3,33.8,45.0,21.6,9.6,5.8,16.4,21.0,106.6,2012
Philadelphia 76ers,24.9,35.0,31.0,43,23,4.24,-0.65,3.59,103.9,99.2,4.7,89.7,0.217,0.175,0.511,0.48,10.9,24.4,0.161,0.46,13.5,75.2,0.192,66,15915,41.6,92.8,0.448,5.9,16.2,0.362,35.7,76.6,0.466,14.9,20.1,0.742,11.8,36.1,47.9,24.4,8.8,5.7,12.4,19.5,103.9,2012
Atlanta Hawks,27.9,40.0,26.0,41,25,3.44,-0.77,2.67,104.9,101.2,3.7,90.2,0.259,0.249,0.535,0.5,13.4,23.9,0.192,0.48,14.4,74.4,0.186,66,16165,40.0,88.0,0.454,8.1,21.9,0.37,31.9,66.1,0.482,16.9,22.8,0.74,10.7,34.0,44.7,24.4,8.8,5.0,15.2,19.4,104.9,2012
Indiana Pacers,26.3,42.0,24.0,41,25,3.3,-0.71,2.6,106.7,103.1,3.6,90.7,0.321,0.198,0.526,0.474,13.1,29.2,0.251,0.476,14.1,72.3,0.222,66,15990,38.9,88.9,0.438,6.5,17.6,0.368,32.5,71.3,0.455,22.3,28.5,0.782,13.7,34.2,47.9,20.3,8.7,5.9,15.3,23.7,106.7,2012
New York Knicks,26.3,36.0,30.0,41,25,3.2,-0.81,2.39,104.4,101.0,3.4,93.2,0.306,0.288,0.533,0.492,14.9,26.6,0.227,0.485,15.9,73.7,0.224,66,15940,38.2,86.2,0.443,8.4,24.9,0.336,29.9,61.4,0.487,19.6,26.4,0.741,12.0,32.5,44.5,21.5,10.1,4.5,17.1,22.5,104.4,2012
Denver Nuggets,26.6,38.0,28.0,39,27,2.88,0.29,3.16,109.2,106.2,3.0,94.2,0.326,0.243,0.556,0.516,14.1,27.7,0.239,0.508,14.3,74.3,0.185,66,16040,40.9,85.9,0.476,6.9,20.8,0.332,33.9,65.0,0.522,20.5,28.0,0.735,11.7,33.4,45.2,25.1,8.6,5.2,16.1,20.6,109.2,2012
Boston Celtics,29.3,39.0,27.0,39,27,2.52,-0.26,2.26,101.0,98.2,2.8,90.4,0.257,0.194,0.535,0.496,14.7,19.7,0.2,0.452,14.9,72.4,0.216,66,15940,39.0,84.7,0.46,6.0,16.5,0.367,33.0,68.3,0.483,16.9,21.8,0.778,8.5,34.2,42.7,25.9,8.3,6.0,16.3,21.9,101.0,2012
Los Angeles Clippers,27.3,40.0,26.0,39,27,2.56,0.26,2.82,108.5,105.7,2.8,89.2,0.287,0.269,0.533,0.502,12.7,29.5,0.195,0.492,14.2,73.2,0.245,66,15965,41.1,90.5,0.455,8.7,24.3,0.357,32.5,66.2,0.49,17.6,25.9,0.68,13.5,32.8,46.2,23.3,9.4,5.3,14.8,23.6,108.5,2012
Memphis Grizzlies,25.6,41.0,25.0,38,28,2.02,0.42,2.43,104.0,101.8,2.2,90.8,0.277,0.157,0.515,0.473,13.6,29.8,0.211,0.485,16.3,72.7,0.227,66,15940,40.2,89.9,0.447,4.6,14.1,0.326,35.6,75.8,0.47,18.9,24.9,0.759,13.8,32.2,46.0,21.4,10.5,5.7,15.8,21.8,104.0,2012
Los Angeles Lakers,29.7,41.0,25.0,36,30,1.42,0.54,1.96,106.0,104.4,1.6,90.5,0.299,0.209,0.534,0.491,14.2,29.1,0.226,0.476,10.7,74.8,0.158,66,16065,40.1,87.8,0.457,6.0,18.3,0.326,34.1,69.4,0.491,19.8,26.2,0.756,13.2,37.1,50.3,24.5,6.4,5.8,16.5,18.3,106.0,2012
Dallas Mavericks,31.3,36.0,30.0,35,31,0.95,0.83,1.78,103.3,102.3,1.0,91.4,0.246,0.271,0.527,0.489,13.4,23.4,0.19,0.479,13.9,74.8,0.203,66,16065,39.2,88.4,0.443,8.1,23.9,0.339,31.1,64.5,0.482,16.8,21.8,0.771,10.9,35.2,46.1,22.5,9.2,5.5,15.1,20.0,103.3,2012
Orlando Magic,27.5,37.0,29.0,35,31,0.79,-0.33,0.46,105.0,104.1,0.9,89.0,0.292,0.346,0.533,0.506,14.5,26.5,0.193,0.488,12.9,75.5,0.19,66,15965,38.4,87.2,0.441,11.3,30.1,0.375,27.1,57.0,0.475,16.8,25.5,0.66,12.5,34.8,47.3,22.3,7.6,4.6,16.6,19.7,105.0,2012
Utah Jazz,25.6,36.0,30.0,34,32,0.62,0.3,0.92,106.8,106.1,0.7,91.4,0.302,0.153,0.525,0.481,13.0,30.2,0.227,0.493,13.8,73.8,0.245,66,16165,41.0,89.8,0.456,4.4,13.7,0.323,36.5,76.1,0.48,20.4,27.1,0.754,14.0,33.4,47.4,23.4,8.8,6.3,15.2,23.4,106.8,2012
Milwaukee Bucks,26.2,31.0,35.0,34,32,0.27,-0.5,-0.23,105.5,105.2,0.3,93.7,0.25,0.224,0.521,0.481,12.9,27.7,0.194,0.489,14.6,70.9,0.217,66,15865,40.4,91.2,0.443,7.0,20.4,0.345,33.3,70.8,0.471,17.7,22.8,0.774,13.2,32.0,45.2,25.0,8.8,5.4,15.0,20.5,105.5,2012
Houston Rockets,26.2,34.0,32.0,34,32,0.23,0.35,0.57,105.5,105.2,0.3,91.7,0.235,0.24,0.529,0.492,13.5,27.5,0.184,0.49,13.8,73.4,0.21,66,16065,40.6,90.3,0.449,7.8,21.7,0.359,32.8,68.6,0.477,16.6,21.2,0.782,12.5,32.8,45.3,22.9,8.1,5.2,15.6,21.9,105.5,2012
Phoenix Suns,28.9,33.0,33.0,32,34,-0.24,0.53,0.29,106.2,106.5,-0.3,92.6,0.257,0.238,0.536,0.499,13.3,25.8,0.194,0.491,13.1,71.7,0.2,66,15840,40.8,89.1,0.458,7.3,21.2,0.343,33.6,67.9,0.494,17.3,22.9,0.757,11.7,33.3,45.0,24.3,7.1,6.0,15.2,20.2,106.2,2012
Portland Trail Blazers,27.5,28.0,38.0,32,34,-0.62,0.41,-0.22,105.7,106.4,-0.7,91.2,0.263,0.255,0.531,0.488,13.4,26.3,0.209,0.504,14.1,72.8,0.199,66,15965,39.6,89.3,0.443,7.9,22.8,0.346,31.7,66.5,0.477,18.7,23.5,0.796,12.1,32.1,44.2,22.2,8.7,5.3,15.4,20.6,105.7,2012
Minnesota Timberwolves,24.4,26.0,40.0,28,38,-2.2,0.37,-1.83,104.3,106.6,-2.3,93.3,0.306,0.262,0.524,0.477,14.0,27.5,0.236,0.491,12.2,73.0,0.187,66,15940,38.0,87.7,0.433,7.6,23.0,0.332,30.4,64.7,0.469,20.7,26.8,0.771,12.9,33.7,46.6,20.8,7.0,4.7,16.2,19.6,104.3,2012
Golden State Warriors,25.3,23.0,43.0,25,41,-3.41,0.62,-2.79,105.4,109.1,-3.7,92.3,0.227,0.248,0.539,0.505,13.3,22.9,0.175,0.496,13.6,69.1,0.237,66,15915,40.6,88.9,0.457,8.6,22.1,0.388,32.1,66.8,0.48,15.5,20.2,0.77,10.5,31.8,42.2,24.0,8.6,5.9,14.9,23.0,105.4,2012
Toronto Raptors,25.7,23.0,43.0,25,41,-3.3,-0.36,-3.67,100.8,104.5,-3.7,89.3,0.274,0.209,0.518,0.475,14.8,25.9,0.211,0.475,12.8,75.4,0.26,66,15965,38.2,86.8,0.44,6.1,18.1,0.34,32.0,68.7,0.467,18.3,23.7,0.77,11.7,34.9,46.7,23.3,7.2,5.4,16.9,25.8,100.8,2012
New Orleans Hornets,25.5,21.0,45.0,24,42,-3.76,0.65,-3.11,100.9,105.1,-4.2,88.3,0.274,0.152,0.517,0.476,15.2,27.5,0.207,0.485,13.5,73.1,0.218,66,15940,39.2,87.0,0.451,4.4,13.2,0.333,34.8,73.8,0.472,18.0,23.8,0.757,12.3,33.9,46.3,23.3,8.3,5.4,17.5,22.6,100.9,2012
Washington Wizards,24.2,20.0,46.0,22,44,-4.8,-0.34,-5.14,101.0,106.2,-5.2,92.5,0.253,0.196,0.508,0.472,14.2,27.3,0.184,0.492,14.2,70.9,0.229,66,15865,39.5,89.5,0.441,5.6,17.6,0.32,33.8,71.9,0.47,16.5,22.7,0.727,12.7,32.3,45.0,20.6,8.6,6.8,16.5,23.0,101.0,2012
Detroit Pistons,26.3,25.0,41.0,22,44,-4.79,-0.4,-5.19,101.0,106.3,-5.3,89.2,0.279,0.175,0.51,0.468,15.0,28.1,0.21,0.5,14.2,72.8,0.226,66,15965,38.6,88.1,0.438,5.3,15.4,0.346,33.3,72.7,0.457,18.5,24.6,0.752,13.1,31.7,44.8,20.8,7.7,4.7,17.4,21.8,101.0,2012
Sacramento Kings,24.3,22.0,44.0,21,45,-5.68,0.73,-4.95,103.8,109.8,-6.0,94.7,0.268,0.228,0.51,0.472,13.0,29.1,0.197,0.515,13.9,70.5,0.199,66,15915,39.7,91.0,0.436,6.5,20.7,0.316,33.1,70.3,0.471,18.0,24.4,0.736,14.0,31.0,45.1,20.2,8.9,5.1,15.2,20.5,103.8,2012
New Jersey Nets,26.1,22.0,44.0,19,47,-5.98,-0.39,-6.37,102.9,109.6,-6.7,90.1,0.269,0.278,0.516,0.473,14.3,27.8,0.209,0.513,13.7,70.7,0.209,66,15890,37.9,89.1,0.425,8.5,24.8,0.342,29.4,64.3,0.457,18.6,24.0,0.777,13.1,31.5,44.6,22.0,8.3,4.4,16.7,21.2,102.9,2012
Cleveland Cavaliers,26.0,21.0,45.0,17,49,-7.2,-0.14,-7.34,101.1,108.9,-7.8,91.3,0.307,0.238,0.505,0.463,14.3,28.9,0.22,0.508,13.1,72.2,0.202,66,15965,37.2,88.2,0.422,7.2,21.0,0.346,30.0,67.3,0.446,19.4,27.1,0.716,13.8,32.1,45.9,21.5,7.7,4.3,16.7,21.7,101.1,2012
Charlotte Bobcats,24.5,7.0,59.0,7,59,-13.91,-0.05,-13.96,95.2,110.4,-15.2,91.1,0.276,0.169,0.483,0.439,13.9,23.6,0.206,0.512,12.8,70.9,0.206,66,15890,36.4,87.8,0.414,4.4,14.8,0.295,32.0,73.0,0.439,18.1,24.2,0.746,11.2,31.4,42.6,22.0,6.6,6.0,15.9,20.7,95.2,2012
